Workbook
Name Slicer_City: #N/A
Name Slicer_Department: #N/A
Name Slicer_Education_Level: #N/A
Name Slicer_Gender: #N/A

Sheet employee_salary_dataset
A1: EmployeeID | B1: Name | C1: Department | D1: Experience_Years | E1: Education_Level | F1: Age | G1: Gender | H1: City | I1: Monthly_Salary
A2: 1 | B2: Employee_1 | C2: Marketing | D2: 15 | E2: Master | F2: 53 | G2: Female | H2: Delhi | I2: 111416
A3: 2 | B3: Employee_2 | C3: Operations | D3: 7 | E3: Bachelor | F3: 25 | G3: Female | H3: Bangalore | I3: 95271
A4: 3 | B4: Employee_3 | C4: IT | D4: 12 | E4: High School | F4: 51 | G4: Female | H4: Hyderabad | I4: 69064
A5: 4 | B5: Employee_4 | C5: Operations | D5: 8 | E5: PhD | F5: 44 | G5: Male | H5: Delhi | I5: 95091
A6: 5 | B6: Employee_5 | C6: Operations | D6: 15 | E6: Master | F6: 36 | G6: Female | H6: Delhi | I6: 132450
A7: 6 | B7: Employee_6 | C7: Finance | D7: 3 | E7: High School | F7: 50 | G7: Male | H7: Mumbai | I7: 65818
A8: 7 | B8: Employee_7 | C8: IT | D8: 14 | E8: PhD | F8: 57 | G8: Male | H8: Mumbai | I8: 70525
A9: 8 | B9: Employee_8 | C9: IT | D9: 17 | E9: PhD | F9: 34 | G9: Female | H9: Bangalore | I9: 44830
A10: 9 | B10: Employee_9 | C10: IT | D10: 4 | E10: Bachelor | F10: 53 | G10: Male | H10: Hyderabad | I10: 42429
A11: 10 | B11: Employee_10 | C11: Operations | D11: 18 | E11: High School | F11: 28 | G11: Male | H11: Mumbai | I11: 31893
A12: 11 | B12: Employee_11 | C12: Marketing | D12: 8 | E12: PhD | F12: 43 | G12: Male | H12: Delhi | I12: 141381
A13: 12 | B13: Employee_12 | C13: IT | D13: 4 | E13: Master | F13: 49 | G13: Female | H13: Hyderabad | I13: 104909
... A51: 50 | B51: Employee_50 | C51: Marketing | D51: 10 | E51: High School | F51: 47 | G51: Female | H51: Bangalore | I51: 121752

Sheet Raw_Data
A1: EmployeeID | B1: Name | C1: Department | D1: Experience_Years | E1: Education_Level | F1: Age | G1: Gender | H1: City | I1: Monthly_Salary | J1: Experience_Group
A2: 1 | B2: Employee_1 | C2: Marketing | D2: 15 | E2: Master | F2: 53 | G2: Female | H2: Delhi | I2: 111416 | J2: =IF(tblEmployee[[#This Row],[Experience_Years]]<=2, "Junior", IF(tblEmployee[[#This Row],[Experience_Years]]<=5, "Mid-Level", IF(tblEmployee[[#This Row],[Experience_Years]]<=8, "Senior", "Expert"))) -> Expert
A3: 2 | B3: Employee_2 | C3: Operations | D3: 7 | E3: Bachelor | F3: 25 | G3: Female | H3: Bangalore | I3: 95271 | J3: =IF(tblEmployee[[#This Row],[Experience_Years]]<=2, "Junior", IF(tblEmployee[[#This Row],[Experience_Years]]<=5, "Mid-Level", IF(tblEmployee[[#This Row],[Experience_Years]]<=8, "Senior", "Expert"))) -> Senior
A4: 3 | B4: Employee_3 | C4: IT | D4: 12 | E4: High School | F4: 51 | G4: Female | H4: Hyderabad | I4: 69064 | J4: =IF(tblEmployee[[#This Row],[Experience_Years]]<=2, "Junior", IF(tblEmployee[[#This Row],[Experience_Years]]<=5, "Mid-Level", IF(tblEmployee[[#This Row],[Experience_Years]]<=8, "Senior", "Expert"))) -> Expert
A5: 4 | B5: Employee_4 | C5: Operations | D5: 8 | E5: PhD | F5: 44 | G5: Male | H5: Delhi | I5: 95091 | J5: =IF(tblEmployee[[#This Row],[Experience_Years]]<=2, "Junior", IF(tblEmployee[[#This Row],[Experience_Years]]<=5, "Mid-Level", IF(tblEmployee[[#This Row],[Experience_Years]]<=8, "Senior", "Expert"))) -> Senior
A6: 5 | B6: Employee_5 | C6: Operations | D6: 15 | E6: Master | F6: 36 | G6: Female | H6: Delhi | I6: 132450 | J6: =IF(tblEmployee[[#This Row],[Experience_Years]]<=2, "Junior", IF(tblEmployee[[#This Row],[Experience_Years]]<=5, "Mid-Level", IF(tblEmployee[[#This Row],[Experience_Years]]<=8, "Senior", "Expert"))) -> Expert
A7: 6 | B7: Employee_6 | C7: Finance | D7: 3 | E7: High School | F7: 50 | G7: Male | H7: Mumbai | I7: 65818 | J7: =IF(tblEmployee[[#This Row],[Experience_Years]]<=2, "Junior", IF(tblEmployee[[#This Row],[Experience_Years]]<=5, "Mid-Level", IF(tblEmployee[[#This Row],[Experience_Years]]<=8, "Senior", "Expert"))) -> Mid-Level
A8: 7 | B8: Employee_7 | C8: IT | D8: 14 | E8: PhD | F8: 57 | G8: Male | H8: Mumbai | I8: 70525 | J8: =IF(tblEmployee[[#This Row],[Experience_Years]]<=2, "Junior", IF(tblEmployee[[#This Row],[Experience_Years]]<=5, "Mid-Level", IF(tblEmployee[[#This Row],[Experience_Years]]<=8, "Senior", "Expert"))) -> Expert
A9: 8 | B9: Employee_8 | C9: IT | D9: 17 | E9: PhD | F9: 34 | G9: Female | H9: Bangalore | I9: 44830 | J9: =IF(tblEmployee[[#This Row],[Experience_Years]]<=2, "Junior", IF(tblEmployee[[#This Row],[Experience_Years]]<=5, "Mid-Level", IF(tblEmployee[[#This Row],[Experience_Years]]<=8, "Senior", "Expert"))) -> Expert
A10: 9 | B10: Employee_9 | C10: IT | D10: 4 | E10: Bachelor | F10: 53 | G10: Male | H10: Hyderabad | I10: 42429 | J10: =IF(tblEmployee[[#This Row],[Experience_Years]]<=2, "Junior", IF(tblEmployee[[#This Row],[Experience_Years]]<=5, "Mid-Level", IF(tblEmployee[[#This Row],[Experience_Years]]<=8, "Senior", "Expert"))) -> Mid-Level
A11: 10 | B11: Employee_10 | C11: Operations | D11: 18 | E11: High School | F11: 28 | G11: Male | H11: Mumbai | I11: 31893 | J11: =IF(tblEmployee[[#This Row],[Experience_Years]]<=2, "Junior", IF(tblEmployee[[#This Row],[Experience_Years]]<=5, "Mid-Level", IF(tblEmployee[[#This Row],[Experience_Years]]<=8, "Senior", "Expert"))) -> Expert
A12: 11 | B12: Employee_11 | C12: Marketing | D12: 8 | E12: PhD | F12: 43 | G12: Male | H12: Delhi | I12: 141381 | J12: =IF(tblEmployee[[#This Row],[Experience_Years]]<=2, "Junior", IF(tblEmployee[[#This Row],[Experience_Years]]<=5, "Mid-Level", IF(tblEmployee[[#This Row],[Experience_Years]]<=8, "Senior", "Expert"))) -> Senior
A13: 12 | B13: Employee_12 | C13: IT | D13: 4 | E13: Master | F13: 49 | G13: Female | H13: Hyderabad | I13: 104909 | J13: =IF(tblEmployee[[#This Row],[Experience_Years]]<=2, "Junior", IF(tblEmployee[[#This Row],[Experience_Years]]<=5, "Mid-Level", IF(tblEmployee[[#This Row],[Experience_Years]]<=8, "Senior", "Expert"))) -> Mid-Level
... A51: 50 | B51: Employee_50 | C51: Marketing | D51: 10 | E51: High School | F51: 47 | G51: Female | H51: Bangalore | I51: 121752 | J51: =IF(tblEmployee[[#This Row],[Experience_Years]]<=2, "Junior", IF(tblEmployee[[#This Row],[Experience_Years]]<=5, "Mid-Level", IF(tblEmployee[[#This Row],[Experience_Years]]<=8, "Senior", "Expert"))) -> Expert

Sheet Data Audit
B3: Column Labels | J3: Highest salary | K3: =MAX(tblEmployee[Monthly_Salary]) -> 149123
A4: Row Labels | B4: Finance | C4: HR | D4: IT | E4: Marketing | F4: Operations | G4: Grand Total | J4: Lowest salary | K4: =MIN(tblEmployee[Monthly_Salary]) -> 28420
A5: Bangalore | J5: Average Salary | K5: =AVERAGE(tblEmployee[Monthly_Salary]) -> 82288.8
A6: Chennai
A7: Delhi
A8: Hyderabad
A9: Mumbai
A10: Grand Total

Sheet Data Dictionary
B3: Column | C3: Description
B4: EmployeeID | C4: Unique employee identifier
B5: Department | C5: Employee department
B6: Experience_Years | C6: Years of experience
B7: Education_Level | C7: Highest qualification
B8: City | C8: Work location
B9: Monthly_Salary | C9: Monthly employee salary

Sheet Exploratory analysis sheet
B5: Departmental Compensation & Workforce Analysis | F5: Geographic Compensation Trends | I5: Qualifications & Talent Metrics
B6: Row Labels | C6: Average of Monthly_Salary | D6: Count of EmployeeID | F6: Row Labels | G6: Average of Monthly_Salary | I6: Row Labels | J6: Average of Monthly_Salary
B7: Finance | C7: 67261.9 | D7: 10 | F7: Bangalore | G7: 99004.091 | I7: Bachelor | J7: 82441.778
B8: HR | C8: 82945.143 | D8: 7 | F8: Chennai | G8: 57379.6 | I8: High School | J8: 83676.417
B9: IT | C9: 76520.5 | D9: 10 | F9: Delhi | G9: 93332.467 | I9: Master | J9: 86258.211
B10: Marketing | C10: 96430.846 | D10: 13 | F10: Hyderabad | G10: 67482.333 | I10: PhD | J10: 72944.1
B11: Operations | C11: 84239.9 | D11: 10 | F11: Mumbai | G11: 75531.714 | I11: Grand Total | J11: 82288.8
B12: Grand Total | C12: 82288.8 | D12: 50 | F12: Grand Total | G12: 82288.8
B14: Department vs. Total Monthly Payroll Cost | F14: Workforce Diversity & Pay Equity Check | I14: Row Labels | J14: Average of Monthly_Salary
B15: Row Labels | C15: Sum of Monthly_Salary | F15: Row Labels | G15: Average of Monthly_Salary | I15: Senior | J15: 95489.889
B16: Finance | C16: 672619 | F16: Female | G16: 87306.185 | I16: Expert | J16: 84917.107
B17: HR | C17: 580616 | F17: Male | G17: 76398.826 | I17: Mid-Level | J17: 70403.625
B18: IT | C18: 765205 | F18: Grand Total | G18: 82288.8 | I18: Junior | J18: 62824.6
B19: Marketing | C19: 1253601 | I19: Grand Total | J19: 82288.8
B20: Operations | C20: 842399
B21: Grand Total | C21: 4114440

Sheet Dashboard_Data
B2: KPI Table | F2: Department Analysis Table | L2: City Analysis Table
B3: KPI | C3: Value | F3: Department | G3: Avg Salary | H3: Headcount | I3: Payroll | L3: City | M3: Avg Salary
B4: Total Employees | C4: 50 | F4: HR | G4: =AVERAGEIF(tblEmployee[Department],"HR",tblEmployee[Monthly_Salary]) -> 82945.143 | H4: =COUNTIF(tblEmployee[Department],"HR") -> 7 | I4: =SUMIF(tblEmployee[Department],"HR",tblEmployee[Monthly_Salary]) -> 580616 | L4: Bangalore | M4: =AVERAGEIF(tblEmployee[City],"Bangalore",tblEmployee[Monthly_Salary]) -> 99004.091
B5: Total Payroll | C5: =SUM(tblEmployee[Monthly_Salary]) -> 4114440 | F5: IT | G5: =AVERAGEIF(tblEmployee[Department],"IT",tblEmployee[Monthly_Salary]) -> 76520.5 | H5: =COUNTIF(tblEmployee[Department],"IT") -> 10 | I5: =SUMIF(tblEmployee[Department],"IT",tblEmployee[Monthly_Salary]) -> 765205 | L5: Delhi | M5: =AVERAGEIF(tblEmployee[City],"Delhi",tblEmployee[Monthly_Salary]) -> 93332.467
B6: Average Salary | C6: =AVERAGE(tblEmployee[Monthly_Salary]) -> 82288.8 | F6: Finance | G6: =AVERAGEIF(tblEmployee[Department],"Finance",tblEmployee[Monthly_Salary]) -> 67261.9 | H6: =COUNTIF(tblEmployee[Department],"Finance") -> 10 | I6: =SUMIF(tblEmployee[Department],"Finance",tblEmployee[Monthly_Salary]) -> 672619 | L6: Mumbai | M6: =AVERAGEIF(tblEmployee[City],"Mumbai",tblEmployee[Monthly_Salary]) -> 75531.714
B7: Highest Salary | C7: =MAX(tblEmployee[Monthly_Salary]) -> 149123 | F7: Marketing | G7: =AVERAGEIF(tblEmployee[Department],"Marketing",tblEmployee[Monthly_Salary]) -> 96430.846 | H7: =COUNTIF(tblEmployee[Department],"Marketing") -> 13 | I7: =SUMIF(tblEmployee[Department],"Marketing",tblEmployee[Monthly_Salary]) -> 1253601 | L7: Chennai | M7: =AVERAGEIF(tblEmployee[City],"Chennai",tblEmployee[Monthly_Salary]) -> 57379.6
B8: Lowest Salary | C8: =MIN(tblEmployee[Monthly_Salary]) -> 28420 | F8: Operations | G8: =AVERAGEIF(tblEmployee[Department],"Operations",tblEmployee[Monthly_Salary]) -> 84239.9 | H8: =COUNTIF(tblEmployee[Department],"Operations") -> 10 | I8: =SUMIF(tblEmployee[Department],"Operations",tblEmployee[Monthly_Salary]) -> 842399 | L8: Hyderabad | M8: =AVERAGEIF(tblEmployee[City],"Hyderabad",tblEmployee[Monthly_Salary]) -> 67482.333
B9: Average Experience | C9: =AVERAGE(tblEmployee[Experience_Years]) -> 9.9
B11: Gender Analysis Table | F11: Education Analysis Table | K11: Experience Analysis Table
B12: Gender | C12: Avg Salary | F12: Education Level | G12: Avg Salary | K12: Experience Group | L12: Avg Salary
B13: Male | C13: =AVERAGEIF(tblEmployee[Gender],"Male",tblEmployee[Monthly_Salary]) -> 76398.826 | F13: Bachelor's | G13: =AVERAGEIF(tblEmployee[Education_Level],"Bachelor",tblEmployee[Monthly_Salary]) -> 82441.778 | K13: Junior | L13: =AVERAGEIF(tblEmployee[Experience_Group],"Junior",tblEmployee[Monthly_Salary]) -> 62824.6
B14: Female | C14: =AVERAGEIF(tblEmployee[Gender],"Female",tblEmployee[Monthly_Salary]) -> 87306.185 | F14: Master's | G14: =AVERAGEIF(tblEmployee[Education_Level],"Master",tblEmployee[Monthly_Salary]) -> 86258.211 | K14: Mid-Level | L14: =AVERAGEIF(tblEmployee[Experience_Group],"Mid-Level",tblEmployee[Monthly_Salary]) -> 70403.625
F15: PhD | G15: =AVERAGEIF(tblEmployee[Education_Level],"PhD",tblEmployee[Monthly_Salary]) -> 72944.1 | K15: Senior | L15: =AVERAGEIF(tblEmployee[Experience_Group],"Senior",tblEmployee[Monthly_Salary]) -> 95489.889
K16: Expert | L16: =AVERAGEIF(tblEmployee[Experience_Group],"Expert",tblEmployee[Monthly_Salary]) -> 84917.107
B20: Key Insights Box
B21: Insight No | C21: Insight
B22: 1 | C22: Marketing has the highest average salary
B23: 2 | C23: Bangalore offers the highest compensation
B24: 3 | C24: Master's degree holders earn the highest salaries
B25: 4 | C25: Salary increases with experience
B26: 5 | C26: Moderate gender salary variation exists

Sheet Dashboard
A2: Employee Compensation & Salary Analytics Dashboard | M2: Total Employees | O2: Total Payroll | Q2: Average Salary | S2: Highest Salary | U2: Lowest Salary | W2: Avg Experience
A3: Analyzing Workforce Compensation Patterns Across Departments, Cities, Education Levels and Experience Groups | M3: =Dashboard_Data!C4 -> 50 | O3: =Dashboard_Data!C5 -> 4114440 | Q3: =Dashboard_Data!C6 -> 82288.8 | S3: =Dashboard_Data!C7 -> 149123 | U3: =Dashboard_Data!C8 -> 28420 | W3: =Dashboard_Data!C9 -> 9.9
